-- phpMyAdmin SQL Dump
-- version 4.7.0
-- https://www.phpmyadmin.net/
--
-- Host: 127.0.0.1
-- Generation Time: May 13, 2018 at 02:05 PM
-- Server version: 10.1.26-MariaDB
-- PHP Version: 7.1.8

SET SQL_MODE = "NO_AUTO_VALUE_ON_ZERO";
SET AUTOCOMMIT = 0;
START TRANSACTION;
SET time_zone = "+00:00";


/*!40101 SET @OLD_CHARACTER_SET_CLIENT=@@CHARACTER_SET_CLIENT */;
/*!40101 SET @OLD_CHARACTER_SET_RESULTS=@@CHARACTER_SET_RESULTS */;
/*!40101 SET @OLD_COLLATION_CONNECTION=@@COLLATION_CONNECTION */;
/*!40101 SET NAMES utf8mb4 */;

--
-- Database: `automated_farmer`
--

-- --------------------------------------------------------

--
-- Table structure for table `activity`
--

CREATE TABLE `activity` (
  `id` int(11) NOT NULL,
  `label` varchar(100) NOT NULL,
  `type` enum('plow','seed','harvest','') NOT NULL,
  `template_id` int(11) NOT NULL,
  `lot_id` int(11) NOT NULL
) ENGINE=InnoDB DEFAULT CHARSET=latin1;

--
-- Dumping data for table `activity`
--

INSERT INTO `activity` (`id`, `label`, `type`, `template_id`, `lot_id`) VALUES
(4, 'plow_yd1c', 'plow', 9, 1),
(5, 'seed_e7g04', 'seed', 9, 1),
(6, 'plow_amhg2h', 'plow', 10, 2),
(7, 'Nilo\'s plow', 'plow', 11, 3);

-- --------------------------------------------------------

--
-- Table structure for table `coordinates`
--

CREATE TABLE `coordinates` (
  `id` int(11) NOT NULL,
  `latitude` double(23,20) NOT NULL,
  `longitude` double(23,20) NOT NULL,
  `activity_id` int(11) NOT NULL
) ENGINE=InnoDB DEFAULT CHARSET=latin1;

--
-- Dumping data for table `coordinates`
--

INSERT INTO `coordinates` (`id`, `latitude`, `longitude`, `activity_id`) VALUES
(1, 51.51627200000000000000, 0.45425000000000000000, 4),
(2, 51.51627199999956000000, 0.45426443558300705000, 4),
(3, 51.51627199999910500000, 0.45427887116603100000, 4),
(4, 51.51627199999888500000, 0.45428608895754290000, 4),
(5, 51.51626301684581000000, 0.45429330674905480000, 4),
(6, 51.51625852526938600000, 0.45429330674905480000, 4),
(7, 51.51625852526893000000, 0.45427887117030560000, 4),
(8, 51.51625852526871000000, 0.45427165338093100000, 4),
(9, 51.51625852526847600000, 0.45426443559155640000, 4),
(10, 51.51625403369184000000, 0.45425721780218180000, 4),
(11, 51.51624954211543000000, 0.45425721780218180000, 4),
(12, 51.51624954211520000000, 0.45426443559013150000, 4),
(13, 51.51624954211498000000, 0.45427165337808130000, 4),
(14, 51.51624954211476000000, 0.45427887116603100000, 4),
(15, 51.51624954211452000000, 0.45428608895398070000, 4),
(16, 51.51624505053809600000, 0.45428608895398070000, 4),
(17, 51.51624505053787600000, 0.45427887116674337000, 4),
(18, 51.51624505053765500000, 0.45427165337950610000, 4),
(19, 51.51624505053742000000, 0.45426443559226887000, 4),
(20, 51.51624505053720000000, 0.45425721780503160000, 4),
(21, 51.51624055896078000000, 0.45425721780503160000, 4),
(22, 51.51624055896055400000, 0.45426443559155640000, 4),
(23, 51.51624055896009000000, 0.45427887116460610000, 4),
(24, 51.51624055895987000000, 0.45428608895113090000, 4),
(25, 51.51627200000000000000, 0.45425000000000000000, 6),
(26, 51.51627199999956000000, 0.45426443558300705000, 6),
(27, 51.51626750842291400000, 0.45427165337451900000, 6),
(28, 51.51626301684649000000, 0.45427165337451900000, 6),
(29, 51.51626301684626000000, 0.45426443558443197000, 6),
(30, 51.51626301684603000000, 0.45425721779434486000, 6),
(31, 51.51625852526960600000, 0.45425721779434486000, 6),
(32, 51.51625852526938600000, 0.45426443558371950000, 6),
(68, 51.51627200000000000000, 0.45425000000000000000, 7),
(69, 51.51627199999956000000, 0.45426443558300705000, 7),
(70, 51.51627199999910500000, 0.45427887116603100000, 7),
(71, 51.51627199999888500000, 0.45428608895754290000, 7),
(72, 51.51627199999844000000, 0.45430052454056674000, 7),
(73, 51.51627199999821000000, 0.45430774233207866000, 7),
(74, 51.51626750842178400000, 0.45430774233207866000, 7),
(75, 51.51626750842112000000, 0.45428608895968020000, 7),
(76, 51.51626750842090000000, 0.45427887116888070000, 7),
(77, 51.51626750842067500000, 0.45427165337808130000, 7),
(78, 51.51626750842045000000, 0.45426443558728170000, 7),
(79, 51.51626750842023000000, 0.45425721779648226000, 7),
(80, 51.51626301684335400000, 0.45427165337665637000, 7),
(81, 51.51626301684313000000, 0.45427887116674337000, 7),
(82, 51.51626301684290600000, 0.45428608895683040000, 7),
(83, 51.51626301684268000000, 0.45429330674691754000, 7),
(84, 51.51626301684246000000, 0.45430052453700454000, 7),
(85, 51.51626301684223000000, 0.45430774232709160000, 7),
(86, 51.51625852526580500000, 0.45430774232709160000, 7),
(87, 51.51625852526536000000, 0.45429330674834234000, 7),
(88, 51.51625852526490000000, 0.45427887116959320000, 7),
(89, 51.51625852526445500000, 0.45426443559084395000, 7),
(90, 51.51625852526423000000, 0.45425721780146927000, 7),
(91, 51.51625852526401000000, 0.45425000001209476000, 7),
(92, 51.51625403368758000000, 0.45425000001209476000, 7),
(93, 51.51625403368736000000, 0.45425721780075690000, 7),
(94, 51.51625403368713000000, 0.45426443558941904000, 7),
(95, 51.51625403368690600000, 0.45427165337808130000, 7),
(96, 51.51625403368667000000, 0.45427887116674337000, 7),
(97, 51.51625403368645000000, 0.45428608895540550000, 7),
(98, 51.51624954211003000000, 0.45428608895540550000, 7),
(99, 51.51624954210980400000, 0.45427887116745580000, 7),
(100, 51.51624954210936000000, 0.45426443559155640000, 7),
(101, 51.51624954210913600000, 0.45425721780360667000, 7),
(102, 51.51624954210891000000, 0.45425000001565696000, 7);

-- --------------------------------------------------------

--
-- Table structure for table `event`
--

CREATE TABLE `event` (
  `id` int(11) NOT NULL,
  `start_time` datetime DEFAULT NULL,
  `estimated_end_time` datetime DEFAULT NULL,
  `actual_end_time` datetime DEFAULT NULL,
  `status` enum('pending','ongoing','success','failed','delayed') NOT NULL,
  `lot_id` int(11) NOT NULL
) ENGINE=InnoDB DEFAULT CHARSET=latin1;

--
-- Dumping data for table `event`
--

INSERT INTO `event` (`id`, `start_time`, `estimated_end_time`, `actual_end_time`, `status`, `lot_id`) VALUES
(1, '2018-05-09 02:23:00', '2018-05-09 02:24:30', NULL, 'pending', 1),
(2, '2018-05-09 02:23:00', '2018-05-09 02:24:30', NULL, 'pending', 1),
(3, '2018-05-06 02:44:00', '2018-05-06 02:45:30', NULL, 'pending', 1),
(4, '2018-05-06 02:44:00', '2018-05-06 02:45:30', NULL, 'pending', 1),
(5, '2018-05-06 02:44:00', '2018-05-06 02:45:30', NULL, 'pending', 1),
(6, '2018-05-06 02:44:00', '2018-05-06 02:45:30', NULL, 'pending', 1),
(7, '2018-05-06 02:44:00', '2018-05-06 02:45:30', NULL, 'pending', 1),
(8, '2018-05-06 02:44:00', '2018-05-06 02:45:30', NULL, 'pending', 1),
(9, '2018-05-08 10:48:00', '2018-05-08 10:49:30', NULL, 'pending', 1),
(10, '2018-05-08 10:48:00', '2018-05-08 10:49:30', NULL, 'pending', 1),
(11, '2018-05-08 10:48:00', '2018-05-08 10:49:30', NULL, 'pending', 1),
(12, '2018-05-08 10:48:00', '2018-05-08 10:49:30', NULL, 'pending', 1),
(13, '2018-05-08 10:48:00', '2018-05-08 10:49:30', NULL, 'pending', 1),
(14, '2018-05-08 10:48:00', '2018-05-08 10:49:30', NULL, 'pending', 1),
(15, '2018-05-08 10:48:00', '2018-05-08 10:49:30', NULL, 'pending', 1),
(16, '2018-05-08 10:48:00', '2018-05-08 10:49:30', NULL, 'pending', 1),
(17, '2018-05-08 10:48:00', '2018-05-08 10:49:30', NULL, 'pending', 1),
(18, '2018-05-08 10:48:00', '2018-05-08 10:49:30', NULL, 'pending', 1),
(19, '2018-05-08 10:48:00', '2018-05-08 10:49:30', NULL, 'pending', 1),
(20, '2018-05-08 10:48:00', '2018-05-08 10:49:30', NULL, 'pending', 1),
(21, '2018-05-08 10:48:00', '2018-05-08 10:49:30', NULL, 'pending', 1),
(22, '2018-05-08 10:48:00', '2018-05-08 10:49:30', NULL, 'pending', 1),
(23, '2018-05-08 10:48:00', '2018-05-08 10:49:30', NULL, 'pending', 1),
(24, '2018-05-09 11:13:00', '2018-05-09 11:14:30', NULL, 'pending', 1),
(25, '2018-05-09 11:13:00', '2018-05-09 11:14:30', NULL, 'pending', 1),
(26, '2018-05-09 11:13:00', '2018-05-09 11:14:30', NULL, 'pending', 1),
(27, '2018-05-09 11:13:00', '2018-05-09 11:14:30', NULL, 'pending', 1),
(28, '2018-05-09 11:13:00', '2018-05-09 11:14:30', NULL, 'pending', 1),
(29, '2018-05-09 11:13:00', '2018-05-09 11:14:30', NULL, 'pending', 1),
(30, '2018-05-09 11:13:00', '2018-05-09 11:14:30', NULL, 'pending', 1),
(31, '2018-05-09 11:13:00', '2018-05-09 11:14:30', NULL, 'pending', 1),
(32, '2018-05-09 11:13:00', '2018-05-09 11:14:30', NULL, 'pending', 1),
(33, '2018-05-09 11:13:00', '2018-05-09 11:14:30', NULL, 'pending', 1),
(34, '2018-05-09 11:13:00', '2018-05-09 11:14:30', NULL, 'pending', 1),
(35, '2018-05-09 11:13:00', '2018-05-09 11:14:30', NULL, 'pending', 1),
(36, '2018-05-09 11:13:00', '2018-05-09 11:14:30', NULL, 'pending', 1),
(37, '2018-05-09 11:13:00', '2018-05-09 11:14:30', NULL, 'pending', 1),
(38, '2018-05-09 11:13:00', '2018-05-09 11:14:30', NULL, 'pending', 1),
(39, '2018-05-09 11:13:00', '2018-05-09 11:14:30', NULL, 'pending', 1),
(40, '2018-05-09 11:13:00', '2018-05-09 11:14:30', NULL, 'pending', 1),
(41, '2018-05-09 11:13:00', '2018-05-09 11:14:30', NULL, 'pending', 1),
(42, '2018-05-09 11:13:00', '2018-05-09 11:14:30', NULL, 'pending', 1),
(43, '2018-05-09 11:13:00', '2018-05-09 11:14:30', NULL, 'pending', 1),
(44, '2018-05-09 11:13:00', '2018-05-09 11:14:30', NULL, 'pending', 1),
(45, '2018-05-09 11:13:00', '2018-05-09 11:14:30', NULL, 'pending', 1),
(46, '2018-05-09 11:13:00', '2018-05-09 11:14:30', NULL, 'success', 1),
(47, '2018-05-09 11:13:00', '2018-05-09 11:14:30', NULL, 'success', 1),
(48, '2018-05-09 11:13:00', '2018-05-09 11:14:30', NULL, 'pending', 1),
(49, '2018-05-09 11:13:00', '2018-05-09 11:14:30', NULL, 'pending', 1),
(50, '2018-05-09 11:13:00', '2018-05-09 11:14:30', NULL, 'ongoing', 1),
(51, '2018-05-09 11:13:00', '2018-05-09 11:14:30', NULL, 'success', 1),
(52, '2018-05-09 11:13:00', '2018-05-09 11:14:30', NULL, 'success', 1),
(53, '2018-05-09 11:13:00', '2018-05-09 11:14:30', NULL, 'success', 1),
(54, '2018-05-10 13:54:00', '2018-05-10 13:55:30', NULL, 'ongoing', 1),
(55, '2018-05-10 13:54:00', '2018-05-10 13:55:30', NULL, 'ongoing', 1),
(56, '2018-05-10 13:54:00', '2018-05-10 13:55:30', NULL, 'ongoing', 1),
(57, '2018-05-10 13:54:00', '2018-05-10 13:55:30', NULL, 'ongoing', 1),
(58, '2018-05-10 13:54:00', '2018-05-10 13:55:30', NULL, 'ongoing', 1),
(59, '2018-05-10 13:54:00', '2018-05-10 13:55:30', NULL, 'ongoing', 1),
(60, '2018-05-10 13:54:00', '2018-05-10 13:55:30', NULL, 'ongoing', 1),
(61, '2018-05-10 13:54:00', '2018-05-10 13:55:30', NULL, 'success', 1),
(62, '2018-05-14 14:15:00', '2018-05-14 14:16:30', NULL, 'success', 1),
(63, '2018-05-09 21:02:00', '2018-05-09 21:02:32', NULL, 'success', 2),
(64, '2018-05-09 21:02:00', '2018-05-09 21:02:32', NULL, 'success', 2),
(65, '2018-05-09 21:02:00', '2018-05-09 21:02:32', NULL, 'success', 2),
(66, '2018-05-09 21:02:00', '2018-05-09 21:02:32', NULL, 'success', 2),
(67, '2018-05-09 21:02:00', '2018-05-09 21:02:32', NULL, 'success', 2),
(68, '2018-05-09 21:02:00', '2018-05-09 21:02:32', NULL, 'success', 2),
(69, '2018-05-09 21:02:00', '2018-05-09 21:02:32', NULL, 'success', 2),
(70, '2018-05-09 21:02:00', '2018-05-09 21:02:32', NULL, 'success', 2),
(71, '2018-05-09 21:02:00', '2018-05-09 21:02:32', NULL, 'success', 2),
(72, '2018-05-09 21:02:00', '2018-05-09 21:02:32', NULL, 'success', 2),
(73, '2018-05-09 21:02:00', '2018-05-09 21:02:32', NULL, 'success', 2),
(74, '2018-05-09 21:02:00', '2018-05-09 21:02:32', NULL, 'success', 2),
(75, '2018-05-09 21:02:00', '2018-05-09 21:02:32', NULL, 'success', 2),
(76, '2018-05-09 21:45:00', '2018-05-09 21:46:30', NULL, 'success', 1),
(77, '2018-05-09 21:45:00', '2018-05-09 21:46:30', NULL, 'success', 1),
(78, '2018-05-09 21:45:00', '2018-05-09 21:46:30', NULL, 'success', 1),
(79, '2018-05-09 21:45:00', '2018-05-09 21:46:30', NULL, 'success', 1),
(80, '2018-05-09 21:45:00', '2018-05-09 21:46:30', NULL, 'pending', 1),
(81, '2018-05-09 21:45:00', '2018-05-09 21:46:30', NULL, 'pending', 1),
(82, '2018-05-09 21:45:00', '2018-05-09 21:46:30', NULL, 'pending', 1),
(83, '2018-05-09 21:45:00', '2018-05-09 21:46:30', NULL, 'pending', 1),
(84, '2018-05-09 21:45:00', '2018-05-09 21:46:30', NULL, 'ongoing', 1),
(85, '2018-05-09 21:45:00', '2018-05-09 21:46:30', NULL, 'ongoing', 1),
(86, '2018-05-09 21:45:00', '2018-05-09 21:46:30', NULL, 'pending', 1),
(87, '2018-05-09 21:45:00', '2018-05-09 21:46:30', NULL, 'pending', 1),
(88, '2018-05-09 21:45:00', '2018-05-09 21:46:30', NULL, 'pending', 1),
(89, '2018-05-09 21:45:00', '2018-05-09 21:46:30', NULL, 'success', 1),
(90, '2018-05-09 21:45:00', '2018-05-09 21:46:30', NULL, 'success', 1),
(91, '2018-05-09 21:45:00', '2018-05-09 21:46:30', NULL, 'pending', 1),
(92, '2018-05-09 21:45:00', '2018-05-09 21:46:30', NULL, 'pending', 1),
(93, '2018-05-09 21:45:00', '2018-05-09 21:46:30', NULL, 'ongoing', 1),
(94, '2018-05-09 21:45:00', '2018-05-09 21:46:30', NULL, 'success', 1),
(95, '2018-05-09 21:45:00', '2018-05-09 21:46:30', NULL, 'ongoing', 1),
(96, '2018-05-09 21:45:00', '2018-05-09 21:46:30', NULL, 'success', 1),
(97, '2018-05-09 21:45:00', '2018-05-09 21:46:30', NULL, 'ongoing', 1),
(98, '2018-05-09 21:45:00', '2018-05-09 21:46:30', NULL, 'success', 1),
(99, '2018-05-09 21:45:00', '2018-05-09 21:46:30', NULL, 'pending', 1),
(100, '2018-05-09 21:45:00', '2018-05-09 21:46:30', NULL, 'success', 1),
(101, '2018-05-09 21:45:00', '2018-05-09 21:46:30', NULL, 'success', 1),
(102, '2018-05-09 21:45:00', '2018-05-09 21:46:30', NULL, 'success', 1),
(103, '2018-05-09 21:45:00', '2018-05-09 21:46:30', NULL, 'success', 1),
(104, '2018-05-09 21:45:00', '2018-05-09 21:46:30', NULL, 'success', 1),
(105, '2018-05-09 21:45:00', '2018-05-09 21:46:30', NULL, 'success', 1),
(106, '2018-05-09 21:45:00', '2018-05-09 21:46:30', NULL, 'success', 1),
(107, '2018-05-09 21:45:00', '2018-05-09 21:46:30', NULL, 'success', 1),
(108, '2018-05-09 21:45:00', '2018-05-09 21:46:30', '2018-05-10 00:08:33', 'success', 1),
(109, '2018-05-09 21:45:00', '2018-05-09 21:46:30', '2018-05-10 00:10:11', 'success', 1),
(110, '2018-05-11 08:22:00', '2018-05-11 08:24:09', '2018-05-10 08:25:30', 'success', 3),
(111, '2018-05-10 08:31:00', '2018-05-10 08:33:09', '2018-05-10 08:32:55', 'success', 3),
(112, '2018-05-10 08:33:00', '2018-05-10 08:35:09', '2018-05-10 08:34:51', 'success', 3),
(113, '2018-05-10 08:33:00', '2018-05-10 08:35:09', '2018-05-10 10:52:20', 'success', 3),
(114, '2018-05-10 08:33:00', '2018-05-10 08:35:09', '2018-05-10 11:01:49', 'success', 3),
(115, '2018-05-10 08:33:00', '2018-05-10 08:35:09', '2018-05-10 11:02:29', 'success', 3),
(116, '2018-05-10 08:33:00', '2018-05-10 08:35:09', '2018-05-10 11:03:12', 'success', 3),
(117, '2018-05-10 08:33:00', '2018-05-10 08:35:09', '2018-05-10 11:14:13', 'success', 3),
(118, '2018-05-10 08:33:00', '2018-05-10 08:35:09', '2018-05-10 11:18:19', 'success', 3),
(119, '2018-05-14 12:14:00', '2018-05-14 12:15:30', '2018-05-12 12:15:02', 'success', 1);

-- --------------------------------------------------------

--
-- Table structure for table `lot`
--

CREATE TABLE `lot` (
  `id` int(100) NOT NULL,
  `name` varchar(100) NOT NULL,
  `province` varchar(100) NOT NULL,
  `town` varchar(100) DEFAULT NULL,
  `brgy` varchar(100) DEFAULT NULL,
  `length` int(100) NOT NULL,
  `width` int(100) NOT NULL
) ENGINE=InnoDB DEFAULT CHARSET=latin1;

--
-- Dumping data for table `lot`
--

INSERT INTO `lot` (`id`, `name`, `province`, `town`, `brgy`, `length`, `width`) VALUES
(1, 'Miagao1', 'Mat-y', 'Miagao', 'Iloilo', 5, 5),
(2, 'Miagao2', 'Mat-y', 'Miagao', 'Iloilo', 3, 3),
(3, 'Sir Nilo\'s lot', 'Mat-y', 'Oton', 'Iloilo', 6, 6);

-- --------------------------------------------------------

--
-- Table structure for table `sequence`
--

CREATE TABLE `sequence` (
  `id` int(11) NOT NULL,
  `activity_id` int(11) NOT NULL,
  `event_id` int(11) NOT NULL
) ENGINE=InnoDB DEFAULT CHARSET=latin1;

--
-- Dumping data for table `sequence`
--

INSERT INTO `sequence` (`id`, `activity_id`, `event_id`) VALUES
(1, 4, 2),
(2, 4, 4),
(3, 4, 5),
(4, 4, 6),
(5, 4, 7),
(6, 4, 8),
(7, 4, 9),
(8, 4, 10),
(9, 4, 11),
(10, 4, 12),
(11, 4, 13),
(12, 4, 14),
(13, 4, 15),
(14, 4, 16),
(15, 4, 17),
(16, 4, 18),
(17, 4, 19),
(18, 4, 20),
(19, 4, 21),
(20, 4, 22),
(21, 4, 23),
(22, 4, 24),
(23, 4, 25),
(24, 4, 26),
(25, 4, 27),
(26, 4, 28),
(27, 4, 29),
(28, 4, 30),
(29, 4, 31),
(30, 4, 32),
(31, 4, 33),
(32, 4, 34),
(33, 4, 35),
(34, 4, 36),
(35, 4, 37),
(36, 4, 38),
(37, 4, 39),
(38, 4, 40),
(39, 4, 41),
(40, 4, 42),
(41, 4, 43),
(42, 4, 44),
(43, 4, 45),
(44, 4, 46),
(45, 4, 47),
(46, 4, 48),
(47, 4, 49),
(48, 4, 50),
(49, 4, 51),
(50, 4, 52),
(51, 4, 53),
(52, 5, 54),
(53, 5, 55),
(54, 5, 56),
(55, 5, 57),
(56, 5, 58),
(57, 5, 59),
(58, 5, 60),
(59, 5, 61),
(60, 4, 62),
(61, 6, 63),
(62, 6, 64),
(63, 6, 65),
(64, 6, 66),
(65, 6, 67),
(66, 6, 68),
(67, 6, 69),
(68, 6, 70),
(69, 6, 71),
(70, 6, 72),
(71, 6, 73),
(72, 6, 74),
(73, 6, 75),
(74, 4, 76),
(75, 4, 77),
(76, 4, 78),
(77, 4, 79),
(78, 4, 80),
(79, 4, 81),
(80, 4, 82),
(81, 4, 83),
(82, 4, 84),
(83, 4, 85),
(84, 4, 86),
(85, 4, 87),
(86, 4, 88),
(87, 4, 89),
(88, 4, 90),
(89, 4, 91),
(90, 4, 92),
(91, 4, 93),
(92, 4, 94),
(93, 4, 95),
(94, 4, 96),
(95, 4, 97),
(96, 4, 98),
(97, 4, 99),
(98, 4, 100),
(99, 4, 101),
(100, 4, 102),
(101, 4, 103),
(102, 4, 104),
(103, 4, 105),
(104, 4, 106),
(105, 4, 107),
(106, 4, 108),
(107, 4, 109),
(108, 7, 110),
(109, 7, 111),
(110, 7, 112),
(111, 7, 113),
(112, 7, 114),
(113, 7, 115),
(114, 7, 116),
(115, 7, 117),
(116, 7, 118),
(117, 5, 119);

-- --------------------------------------------------------

--
-- Table structure for table `template`
--

CREATE TABLE `template` (
  `id` int(11) NOT NULL,
  `grid` varchar(10000) NOT NULL,
  `path` varchar(10000) NOT NULL,
  `lot_id` int(11) NOT NULL
) ENGINE=InnoDB DEFAULT CHARSET=latin1;

--
-- Dumping data for table `template`
--

INSERT INTO `template` (`id`, `grid`, `path`, `lot_id`) VALUES
(2, '[[true,true,true,true,true],[true,true,true,true,true],[true,true,true,true,true],[true,true,true,true,true],[true,true,true,true,true]]', '[{\"x\":0,\"y\":0},{\"x\":0,\"y\":1},{\"x\":0,\"y\":2},{\"x\":0,\"y\":3},{\"x\":0,\"y\":4},{\"x\":1,\"y\":4},{\"x\":1,\"y\":3},{\"x\":1,\"y\":2},{\"x\":1,\"y\":1},{\"x\":1,\"y\":0},{\"x\":2,\"y\":0},{\"x\":2,\"y\":1},{\"x\":2,\"y\":2},{\"x\":2,\"y\":3},{\"x\":2,\"y\":4},{\"x\":3,\"y\":4},{\"x\":3,\"y\":3},{\"x\":3,\"y\":2},{\"x\":3,\"y\":1},{\"x\":3,\"y\":0},{\"x\":4,\"y\":0},{\"x\":4,\"y\":1},{\"x\":4,\"y\":2},{\"x\":4,\"y\":3},{\"x\":4,\"y\":4}]', 1),
(3, '[[true,true,true,true,true],[true,true,true,true,true],[true,true,true,true,true],[true,true,true,true,true],[true,true,true,true,true]]', '[{\"x\":0,\"y\":0},{\"x\":0,\"y\":1},{\"x\":0,\"y\":2},{\"x\":0,\"y\":3},{\"x\":0,\"y\":4},{\"x\":1,\"y\":4},{\"x\":1,\"y\":3},{\"x\":1,\"y\":2},{\"x\":1,\"y\":1},{\"x\":1,\"y\":0},{\"x\":2,\"y\":0},{\"x\":2,\"y\":1},{\"x\":2,\"y\":2},{\"x\":2,\"y\":3},{\"x\":2,\"y\":4},{\"x\":3,\"y\":4},{\"x\":3,\"y\":3},{\"x\":3,\"y\":2},{\"x\":3,\"y\":1},{\"x\":3,\"y\":0},{\"x\":4,\"y\":0},{\"x\":4,\"y\":1},{\"x\":4,\"y\":2},{\"x\":4,\"y\":3},{\"x\":4,\"y\":4}]', 1),
(4, '[[true,true,true,true,true],[true,true,true,true,true],[true,true,true,true,true],[true,true,true,true,true],[true,true,true,true,true]]', '[{\"x\":0,\"y\":0},{\"x\":0,\"y\":1},{\"x\":0,\"y\":2},{\"x\":0,\"y\":3},{\"x\":0,\"y\":4},{\"x\":1,\"y\":4},{\"x\":1,\"y\":3},{\"x\":1,\"y\":2},{\"x\":1,\"y\":1},{\"x\":1,\"y\":0},{\"x\":2,\"y\":0},{\"x\":2,\"y\":1},{\"x\":2,\"y\":2},{\"x\":2,\"y\":3},{\"x\":2,\"y\":4},{\"x\":3,\"y\":4},{\"x\":3,\"y\":3},{\"x\":3,\"y\":2},{\"x\":3,\"y\":1},{\"x\":3,\"y\":0},{\"x\":4,\"y\":0},{\"x\":4,\"y\":1},{\"x\":4,\"y\":2},{\"x\":4,\"y\":3},{\"x\":4,\"y\":4}]', 1),
(5, '[[true,true,true,true,true],[true,true,true,true,true],[true,true,true,true,true],[true,true,true,true,true],[true,true,true,true,true]]', '[{\"x\":0,\"y\":0},{\"x\":0,\"y\":1},{\"x\":0,\"y\":2},{\"x\":0,\"y\":3},{\"x\":0,\"y\":4},{\"x\":1,\"y\":4},{\"x\":1,\"y\":3},{\"x\":1,\"y\":2},{\"x\":1,\"y\":1},{\"x\":1,\"y\":0},{\"x\":2,\"y\":0},{\"x\":2,\"y\":1},{\"x\":2,\"y\":2},{\"x\":2,\"y\":3},{\"x\":2,\"y\":4},{\"x\":3,\"y\":4},{\"x\":3,\"y\":3},{\"x\":3,\"y\":2},{\"x\":3,\"y\":1},{\"x\":3,\"y\":0},{\"x\":4,\"y\":0},{\"x\":4,\"y\":1},{\"x\":4,\"y\":2},{\"x\":4,\"y\":3},{\"x\":4,\"y\":4}]', 1),
(6, '[[true,true,true,true,true],[true,true,true,true,true],[true,true,true,true,true],[true,true,true,true,true],[true,true,true,true,true]]', '[{\"x\":0,\"y\":0},{\"x\":0,\"y\":1},{\"x\":0,\"y\":2},{\"x\":0,\"y\":3},{\"x\":0,\"y\":4},{\"x\":1,\"y\":4},{\"x\":1,\"y\":3},{\"x\":1,\"y\":2},{\"x\":1,\"y\":1},{\"x\":1,\"y\":0},{\"x\":2,\"y\":0},{\"x\":2,\"y\":1},{\"x\":2,\"y\":2},{\"x\":2,\"y\":3},{\"x\":2,\"y\":4},{\"x\":3,\"y\":4},{\"x\":3,\"y\":3},{\"x\":3,\"y\":2},{\"x\":3,\"y\":1},{\"x\":3,\"y\":0},{\"x\":4,\"y\":0},{\"x\":4,\"y\":1},{\"x\":4,\"y\":2},{\"x\":4,\"y\":3},{\"x\":4,\"y\":4}]', 1),
(7, '[[true,true,true,true,true],[true,true,true,true,true],[true,true,true,true,true],[true,true,true,true,true],[true,true,true,true,true]]', '[{\"x\":0,\"y\":0},{\"x\":0,\"y\":1},{\"x\":0,\"y\":2},{\"x\":0,\"y\":3},{\"x\":0,\"y\":4},{\"x\":1,\"y\":4},{\"x\":1,\"y\":3},{\"x\":1,\"y\":2},{\"x\":1,\"y\":1},{\"x\":1,\"y\":0},{\"x\":2,\"y\":0},{\"x\":2,\"y\":1},{\"x\":2,\"y\":2},{\"x\":2,\"y\":3},{\"x\":2,\"y\":4},{\"x\":3,\"y\":4},{\"x\":3,\"y\":3},{\"x\":3,\"y\":2},{\"x\":3,\"y\":1},{\"x\":3,\"y\":0},{\"x\":4,\"y\":0},{\"x\":4,\"y\":1},{\"x\":4,\"y\":2},{\"x\":4,\"y\":3},{\"x\":4,\"y\":4}]', 1),
(8, '[[true,true,true,true,true],[true,true,true,true,true],[true,true,true,true,true],[true,true,true,true,true],[true,true,true,true,true]]', '[{\"x\":0,\"y\":0},{\"x\":0,\"y\":1},{\"x\":0,\"y\":2},{\"x\":0,\"y\":3},{\"x\":0,\"y\":4},{\"x\":1,\"y\":4},{\"x\":1,\"y\":3},{\"x\":1,\"y\":2},{\"x\":1,\"y\":1},{\"x\":1,\"y\":0},{\"x\":2,\"y\":0},{\"x\":2,\"y\":1},{\"x\":2,\"y\":2},{\"x\":2,\"y\":3},{\"x\":2,\"y\":4},{\"x\":3,\"y\":4},{\"x\":3,\"y\":3},{\"x\":3,\"y\":2},{\"x\":3,\"y\":1},{\"x\":3,\"y\":0},{\"x\":4,\"y\":0},{\"x\":4,\"y\":1},{\"x\":4,\"y\":2},{\"x\":4,\"y\":3},{\"x\":4,\"y\":4}]', 1),
(9, '[[true,true,true,true,true],[true,true,true,true,true],[true,true,true,true,true],[true,true,true,true,true],[true,true,true,true,true]]', '[{\"x\":0,\"y\":0},{\"x\":0,\"y\":1},{\"x\":0,\"y\":2},{\"x\":0,\"y\":3},{\"x\":0,\"y\":4},{\"x\":1,\"y\":4},{\"x\":1,\"y\":3},{\"x\":1,\"y\":2},{\"x\":1,\"y\":1},{\"x\":1,\"y\":0},{\"x\":2,\"y\":0},{\"x\":2,\"y\":1},{\"x\":2,\"y\":2},{\"x\":2,\"y\":3},{\"x\":2,\"y\":4},{\"x\":3,\"y\":4},{\"x\":3,\"y\":3},{\"x\":3,\"y\":2},{\"x\":3,\"y\":1},{\"x\":3,\"y\":0},{\"x\":4,\"y\":0},{\"x\":4,\"y\":1},{\"x\":4,\"y\":2},{\"x\":4,\"y\":3},{\"x\":4,\"y\":4}]', 1),
(10, '[[true,true,true],[true,true,true],[true,true,true]]', '[{\"x\":0,\"y\":0},{\"x\":0,\"y\":1},{\"x\":0,\"y\":2},{\"x\":1,\"y\":2},{\"x\":1,\"y\":1},{\"x\":1,\"y\":0},{\"x\":2,\"y\":0},{\"x\":2,\"y\":1},{\"x\":2,\"y\":2}]', 2),
(11, '[[true,true,true,true,true,true],[true,true,true,true,true,true],[true,true,true,true,true,true],[true,true,true,true,true,true],[true,true,true,true,true,true],[true,true,true,true,true,true]]', '[{\"x\":0,\"y\":0},{\"x\":0,\"y\":1},{\"x\":0,\"y\":2},{\"x\":0,\"y\":3},{\"x\":0,\"y\":4},{\"x\":0,\"y\":5},{\"x\":1,\"y\":5},{\"x\":1,\"y\":4},{\"x\":1,\"y\":3},{\"x\":1,\"y\":2},{\"x\":1,\"y\":1},{\"x\":1,\"y\":0},{\"x\":2,\"y\":0},{\"x\":2,\"y\":1},{\"x\":2,\"y\":2},{\"x\":2,\"y\":3},{\"x\":2,\"y\":4},{\"x\":2,\"y\":5},{\"x\":3,\"y\":5},{\"x\":3,\"y\":4},{\"x\":3,\"y\":3},{\"x\":3,\"y\":2},{\"x\":3,\"y\":1},{\"x\":3,\"y\":0},{\"x\":4,\"y\":0},{\"x\":4,\"y\":1},{\"x\":4,\"y\":2},{\"x\":4,\"y\":3},{\"x\":4,\"y\":4},{\"x\":4,\"y\":5},{\"x\":5,\"y\":5},{\"x\":5,\"y\":4},{\"x\":5,\"y\":3},{\"x\":5,\"y\":2},{\"x\":5,\"y\":1},{\"x\":5,\"y\":0}]', 3);

--
-- Indexes for dumped tables
--

--
-- Indexes for table `activity`
--
ALTER TABLE `activity`
  ADD PRIMARY KEY (`id`),
  ADD KEY `activity_ibfk_1` (`template_id`),
  ADD KEY `activity_ibfk_2` (`lot_id`);

--
-- Indexes for table `coordinates`
--
ALTER TABLE `coordinates`
  ADD PRIMARY KEY (`id`),
  ADD KEY `coordinates_ibfk_1` (`activity_id`);

--
-- Indexes for table `event`
--
ALTER TABLE `event`
  ADD PRIMARY KEY (`id`),
  ADD KEY `event_ibfk_1` (`lot_id`);

--
-- Indexes for table `lot`
--
ALTER TABLE `lot`
  ADD PRIMARY KEY (`id`);

--
-- Indexes for table `sequence`
--
ALTER TABLE `sequence`
  ADD PRIMARY KEY (`id`),
  ADD KEY `sequence_ibfk_1` (`activity_id`),
  ADD KEY `sequence_ibfk_2` (`event_id`);

--
-- Indexes for table `template`
--
ALTER TABLE `template`
  ADD PRIMARY KEY (`id`),
  ADD KEY `lot_id` (`lot_id`);

--
-- AUTO_INCREMENT for dumped tables
--

--
-- AUTO_INCREMENT for table `activity`
--
ALTER TABLE `activity`
  MODIFY `id` int(11) NOT NULL AUTO_INCREMENT, AUTO_INCREMENT=8;
--
-- AUTO_INCREMENT for table `coordinates`
--
ALTER TABLE `coordinates`
  MODIFY `id` int(11) NOT NULL AUTO_INCREMENT, AUTO_INCREMENT=103;
--
-- AUTO_INCREMENT for table `event`
--
ALTER TABLE `event`
  MODIFY `id` int(11) NOT NULL AUTO_INCREMENT, AUTO_INCREMENT=120;
--
-- AUTO_INCREMENT for table `lot`
--
ALTER TABLE `lot`
  MODIFY `id` int(100) NOT NULL AUTO_INCREMENT, AUTO_INCREMENT=4;
--
-- AUTO_INCREMENT for table `sequence`
--
ALTER TABLE `sequence`
  MODIFY `id` int(11) NOT NULL AUTO_INCREMENT, AUTO_INCREMENT=118;
--
-- AUTO_INCREMENT for table `template`
--
ALTER TABLE `template`
  MODIFY `id` int(11) NOT NULL AUTO_INCREMENT, AUTO_INCREMENT=12;
--
-- Constraints for dumped tables
--

--
-- Constraints for table `activity`
--
ALTER TABLE `activity`
  ADD CONSTRAINT `activity_ibfk_1` FOREIGN KEY (`template_id`) REFERENCES `template` (`id`),
  ADD CONSTRAINT `activity_ibfk_2` FOREIGN KEY (`lot_id`) REFERENCES `lot` (`id`);

--
-- Constraints for table `coordinates`
--
ALTER TABLE `coordinates`
  ADD CONSTRAINT `coordinates_ibfk_1` FOREIGN KEY (`activity_id`) REFERENCES `activity` (`id`);

--
-- Constraints for table `event`
--
ALTER TABLE `event`
  ADD CONSTRAINT `event_ibfk_1` FOREIGN KEY (`lot_id`) REFERENCES `lot` (`id`);

--
-- Constraints for table `sequence`
--
ALTER TABLE `sequence`
  ADD CONSTRAINT `sequence_ibfk_1` FOREIGN KEY (`activity_id`) REFERENCES `activity` (`id`),
  ADD CONSTRAINT `sequence_ibfk_2` FOREIGN KEY (`event_id`) REFERENCES `event` (`id`);

--
-- Constraints for table `template`
--
ALTER TABLE `template`
  ADD CONSTRAINT `template_ibfk_1` FOREIGN KEY (`lot_id`) REFERENCES `lot` (`id`);
COMMIT;

/*!40101 SET CHARACTER_SET_CLIENT=@OLD_CHARACTER_SET_CLIENT */;
/*!40101 SET CHARACTER_SET_RESULTS=@OLD_CHARACTER_SET_RESULTS */;
/*!40101 SET COLLATION_CONNECTION=@OLD_COLLATION_CONNECTION */;
